,Rank,Year,Movie,WorldwideBox Office,DomesticBox Office,InternationalBox Office
0,1,2009,Avatar,"$2,923,706,026","$785,221,649","$2,138,484,377"
1,2,2019,Avengers: Endgame,"$2,794,731,755","$858,373,000","$1,936,358,755"
2,3,2022,Avatar: The Way of Water,"$2,319,338,628","$683,972,050","$1,635,366,578"
3,4,1997,Titanic,"$2,222,985,568","$674,396,795","$1,548,588,773"
4,5,2015,Star Wars Ep. VII: The Force Awakens,"$2,064,615,817","$936,662,225","$1,127,953,592"
5,6,2018,Avengers: Infinity War,"$2,048,359,754","$678,815,482","$1,369,544,272"
6,7,2021,Spider-Man: No Way Home,"$1,910,048,245","$814,115,070","$1,095,933,175"
7,8,2015,Jurassic World,"$1,669,963,641","$652,306,625","$1,017,657,016"
8,9,2019,The Lion King,"$1,647,733,638","$543,638,043","$1,104,095,595"
9,10,2012,The Avengers,"$1,515,100,211","$623,357,910","$891,742,301"
10,11,2015,Furious 7,"$1,514,553,486","$353,007,020","$1,161,546,466"
11,12,2022,Top Gun: Maverick,"$1,481,230,730","$718,732,821","$762,497,909"
12,13,2019,Frozen II,"$1,437,862,795","$477,373,578","$960,489,217"
13,14,2015,Avengers: Age of Ultron,"$1,395,316,979","$459,005,868","$936,311,111"
14,15,2018,Black Panther,"$1,336,494,320","$700,059,566","$636,434,754"
15,16,2017,Star Wars Ep. VIII: The Last Jedi,"$1,331,635,141","$620,181,382","$711,453,759"
16,17,2011,Harry Potter and the Deathly Hallows:…,"$1,316,278,261","$381,193,157","$935,085,104"
17,18,2018,Jurassic World: Fallen Kingdom,"$1,308,323,302","$417,719,760","$890,603,542"
18,19,2017,Beauty and the Beast,"$1,268,697,483","$504,014,165","$764,683,318"
19,20,2013,Frozen,"$1,256,848,976","$400,953,009","$855,895,967"
20,21,2018,Incredibles 2,"$1,242,805,359","$608,581,744","$634,223,615"
21,22,2017,The Fate of the Furious,"$1,236,703,796","$225,764,765","$1,010,939,031"
22,23,2013,Iron Man 3,"$1,215,392,272","$408,992,272","$806,400,000"
23,24,2015,Minions,"$1,157,271,759","$336,045,770","$821,225,989"
24,25,2016,Captain America: Civil War,"$1,151,899,586","$408,084,349","$743,815,237"
25,26,2018,Aquaman,"$1,143,758,700","$335,061,807","$808,696,893"
26,27,2019,Spider-Man: Far From Home,"$1,132,107,522","$390,532,085","$741,575,437"
27,28,2019,Captain Marvel,"$1,129,576,094","$426,829,839","$702,746,255"
28,29,2011,Transformers: Dark of the Moon,"$1,123,794,079","$352,390,543","$771,403,536"
29,30,2003,The Lord of the Rings: The Return of …,"$1,121,386,981","$379,021,990","$742,364,991"
30,31,2012,Skyfall,"$1,110,526,981","$304,360,277","$806,166,704"
31,32,2014,Transformers: Age of Extinction,"$1,104,054,072","$245,439,076","$858,614,996"
32,33,2012,The Dark Knight Rises,"$1,082,228,107","$448,139,099","$634,089,008"
33,34,2019,Toy Story 4,"$1,073,064,540","$434,038,008","$639,026,532"
34,35,2019,Star Wars: The Rise of Skywalker,"$1,072,767,997","$515,202,542","$557,565,455"
35,36,2019,Joker,"$1,069,121,583","$335,451,311","$733,670,272"
36,37,2010,Toy Story 3,"$1,068,879,522","$415,004,880","$653,874,642"
37,38,2006,Pirates of the Caribbean: Dead Manâs …,"$1,066,179,725","$423,315,812","$642,863,913"
38,39,2023,The Super Mario Bros. Movie,"$1,057,191,075","$496,017,480","$561,173,595"
39,40,2016,Rogue One: A Star Wars Story,"$1,055,083,596","$533,539,991","$521,543,605"
40,41,2019,Aladdin,"$1,046,587,513","$355,559,216","$691,028,297"
41,42,2011,Pirates of the Caribbean: On Stranger…,"$1,045,713,802","$241,071,802","$804,642,000"
42,43,1993,Jurassic Park,"$1,045,573,035","$402,523,348","$643,049,687"
43,44,2017,Despicable Me 3,"$1,032,809,657","$264,624,300","$768,185,357"
44,45,1999,Star Wars Ep. I: The Phantom Menace,"$1,027,044,677","$474,544,677","$552,500,000"
45,46,2010,Alice in Wonderland,"$1,025,491,110","$334,191,110","$691,300,000"
46,47,2016,Finding Dory,"$1,025,006,125","$486,295,561","$538,710,564"
47,48,2012,The Hobbit: An Unexpected Journey,"$1,014,938,545","$303,003,568","$711,934,977"
48,49,2022,Jurassic World: Dominion,"$1,003,700,604","$376,851,080","$626,849,524"
49,50,2016,Zootopia,"$1,002,462,578","$341,268,248","$661,194,330"
50,51,2008,The Dark Knight,"$1,000,528,478","$534,987,076","$465,541,402"
51,52,1994,The Lion King,"$986,193,783","$421,785,283","$564,408,500"
52,53,2013,Despicable Me 2,"$975,216,835","$368,065,385","$607,151,450"
53,54,2001,Harry Potter and the Sorcererâs Stone,"$965,043,494","$317,871,467","$647,172,027"
54,55,2017,Jumanji: Welcome to the Jungle,"$961,632,807","$404,508,916","$557,123,891"
55,56,2007,Pirates of the Caribbean: At Worldâs …,"$960,996,492","$309,420,425","$651,576,067"
56,57,2013,The Hobbit: The Desolation of Smaug,"$959,358,436","$258,241,522","$701,116,914"
57,58,2016,The Jungle Book,"$953,535,821","$364,001,123","$589,534,698"
58,59,2022,Doctor Strange in the Multiverse of M…,"$952,224,986","$411,331,607","$540,893,379"
59,60,2010,Harry Potter and the Deathly Hallows:…,"$951,767,705","$296,131,568","$655,636,137"
60,61,2014,The Hobbit: The Battle of the Five Ar…,"$940,323,039","$255,119,788","$685,203,251"
61,62,2007,Harry Potter and the Order of the Pho…,"$939,619,849","$292,137,260","$647,482,589"
62,63,2022,Minions: The Rise of Gru,"$939,083,875","$369,695,210","$569,388,665"
63,64,2003,Finding Nemo,"$936,094,852","$380,529,370","$555,565,482"
64,65,2004,Shrek 2,"$935,253,978","$441,226,247","$494,027,731"
65,66,2009,Harry Potter and the Half-Blood Prince,"$929,411,069","$302,089,278","$627,321,791"
66,67,2002,The Lord of the Rings: The Two Towers,"$919,148,764","$342,548,984","$576,599,780"
67,68,2021,Chang jin hu,"$909,596,236","$333,214","$909,263,022"
68,69,2007,Spider-Man 3,"$894,860,230","$336,530,303","$558,329,927"
69,70,2001,The Lord of the Rings: The Fellowship…,"$891,216,824","$315,544,750","$575,672,074"
70,71,2005,Harry Potter and the Goblet of Fire,"$886,742,787","$290,201,752","$596,541,035"
71,72,2009,Ice Age: Dawn of the Dinosaurs,"$886,686,817","$196,573,705","$690,113,112"
72,73,2016,The Secret Life of Pets,"$885,302,500","$368,384,330","$516,918,170"
73,74,2018,Bohemian Rhapsody,"$882,205,260","$216,303,339","$665,901,921"
74,75,2012,Ice Age: Continental Drift,"$879,765,137","$161,321,843","$718,443,294"
75,76,2015,Spectre,"$879,077,344","$200,074,175","$679,003,169"
76,77,2017,Spider-Man: Homecoming,"$878,271,291","$334,201,140","$544,070,151"
77,78,2002,Harry Potter and the Chamber of Secrets,"$874,954,530","$262,233,381","$612,721,149"
78,79,2016,Batman v Superman: Dawn of Justice,"$872,395,091","$330,360,194","$542,034,897"
79,80,2017,Guardians of the Galaxy Vol 2,"$869,087,963","$389,813,101","$479,274,862"
80,81,2013,The Hunger Games: Catching Fire,"$864,868,047","$424,668,047","$440,200,000"
81,82,2018,Venom,"$856,081,053","$213,511,408","$642,569,645"
82,83,2022,Black Panther: Wakanda Forever,"$854,041,058","$453,829,060","$400,211,998"
83,84,2015,Inside Out,"$850,566,343","$356,461,711","$494,104,632"
84,85,2017,Thor: Ragnarok,"$850,482,778","$315,058,289","$535,424,489"
85,86,2005,Star Wars Ep. III: Revenge of the Sith,"$848,998,877","$380,270,577","$468,728,300"
86,87,2021,"Ni Hao, Li Huan Ying","$841,674,419",,"$841,674,419"
87,88,2009,Transformers: Revenge of the Fallen,"$836,519,699","$402,111,870","$434,407,829"
88,89,2017,Zhan Lang 2,"$835,474,171","$2,721,100","$832,753,071"
89,90,2012,"The Twilight Saga: Breaking Dawn, Part 2","$829,724,737","$292,324,737","$537,400,000"
90,91,2002,Spider-Man,"$821,706,375","$403,706,375","$418,000,000"
91,92,2017,Wonder Woman,"$817,691,766","$412,563,408","$405,128,358"
92,93,1996,Independence Day,"$817,400,878","$306,169,255","$511,231,623"
93,94,2016,Fantastic Beasts and Where to Find Them,"$811,724,385","$234,037,575","$577,686,810"
94,95,2007,Shrek the Third,"$807,330,936","$322,719,944","$484,610,992"
95,96,2019,Jumanji: The Next Level,"$798,210,215","$316,831,246","$481,378,969"
96,97,1982,E.T. the Extra-Terrestrial,"$797,103,542","$439,251,124","$357,852,418"
97,98,2017,Coco,"$796,959,405","$210,460,015","$586,499,390"
98,99,2017,Pirates of the Caribbean: Dead Men Te…,"$794,861,794","$172,558,876","$622,302,918"
99,100,2004,Spider-Man 2,"$794,697,557","$373,524,485","$421,173,072"
100,101,2004,Harry Potter and the Prisoner of Azkaban,"$789,592,708","$249,757,726","$539,834,982"
101,102,2013,Fast and Furious 6,"$789,300,444","$238,679,850","$550,620,594"
102,103,2018,Mission: ImpossibleâFallout,"$787,176,729","$220,159,104","$567,017,625"
103,104,2008,Indiana Jones and the Kingdom of the …,"$786,635,413","$317,101,119","$469,534,294"
104,105,2018,Deadpool 2,"$786,362,370","$324,591,735","$461,770,635"
105,106,2016,Deadpool,"$781,947,691","$363,070,709","$418,876,982"
106,107,1977,Star Wars Ep. IV: A New Hope,"$775,398,007","$460,998,007","$314,400,000"
107,108,2014,Guardians of the Galaxy,"$770,882,395","$333,714,112","$437,168,283"
108,109,2006,The Da Vinci Code,"$767,820,459","$217,536,138","$550,284,321"
109,110,2014,The Hunger Games: Mockingjay - Part 1,"$766,575,131","$337,135,885","$429,439,246"
110,111,2022,The Batman,"$766,039,263","$369,345,583","$396,693,680"
111,112,2022,Thor: Love and Thunder,"$760,928,081","$343,256,830","$417,671,251"
112,113,2019,Fast & Furious Presents: Hobbs & Shaw,"$760,732,926","$173,956,935","$586,775,991"
113,114,2021,No Time to Die,"$759,959,662","$160,891,007","$599,068,655"
114,115,2014,Maleficent,"$758,536,735","$241,407,328","$517,129,407"
115,116,2012,The Amazing Spider-Man,"$757,890,267","$262,030,663","$495,859,604"
116,117,2009,2012,"$757,677,748","$166,112,167","$591,565,581"
117,118,2010,Shrek Forever After,"$756,244,673","$238,736,787","$517,507,886"
118,119,2014,X-Men: Days of Future Past,"$747,862,775","$233,921,534","$513,941,241"
119,120,2012,Madagascar 3: Europe's Most Wanted,"$746,921,271","$216,391,482","$530,529,789"
120,121,2016,Suicide Squad,"$745,744,980","$325,100,054","$420,644,926"
121,122,2013,Monsters University,"$743,455,810","$268,488,329","$474,967,481"
122,123,2019,Ne Zha Zhi Mo Tong Jiang Shi,"$742,718,496","$3,695,533","$739,022,963"
123,124,2003,The Matrix Reloaded,"$738,576,929","$281,553,689","$457,023,240"
124,125,2009,Up,"$731,463,377","$293,004,164","$438,459,213"
125,126,2010,Inception,"$728,507,158","$292,576,195","$435,930,963"
126,127,2021,F9: The Fast Saga,"$720,752,238","$173,005,945","$547,746,293"
127,128,2005,"The Chronicles of Narnia: The Lion, t…","$720,539,572","$291,710,957","$428,828,615"
128,129,2014,Captain America: The Winter Soldier,"$714,401,889","$259,746,958","$454,654,931"
129,130,2014,Dawn of the Planet of the Apes,"$710,644,566","$208,545,589","$502,098,977"
130,131,2014,The Amazing Spider-Man 2,"$708,996,336","$202,853,933","$506,142,403"
131,132,2007,Transformers,"$708,272,592","$319,246,193","$389,026,399"
132,133,2010,The Twilight Saga: Eclipse,"$706,102,828","$300,531,751","$405,571,077"
133,134,2019,Liu Lang Di Qiu,"$701,801,455","$5,875,487","$695,925,968"
134,135,2017,It,"$701,012,746","$328,828,874","$372,183,872"
135,136,2021,Tang Ren Jie Tan An 3,"$699,072,066",,"$699,072,066"
136,137,2011,Mission: ImpossibleâGhost Protocol,"$694,713,230","$209,397,903","$485,315,327"
137,138,2015,Mission: ImpossibleâRogue Nation,"$688,858,992","$195,042,377","$493,816,615"
138,139,2009,The Twilight Saga: New Moon,"$687,557,727","$296,623,634","$390,934,093"
139,140,2011,"The Twilight Saga: Breaking Dawn, Part 1","$685,817,413","$281,287,133","$404,530,280"
140,141,2013,Gravity,"$685,710,761","$274,092,705","$411,618,056"
141,142,1994,Forrest Gump,"$679,835,137","$330,151,138","$349,683,999"
142,143,2012,The Hunger Games,"$677,923,379","$408,010,692","$269,912,687"
143,144,2016,Doctor Strange,"$676,343,174","$232,641,920","$443,701,254"
144,145,2023,MÇn JiÄng HÃ³ng (æ»¡æ±çº¢),"$673,556,758",,"$673,556,758"
145,146,1999,The Sixth Sense,"$672,806,292","$293,506,292","$379,300,000"
146,147,2013,Man of Steel,"$667,999,518","$291,045,518","$376,954,000"
147,148,2011,Kung Fu Panda 2,"$664,837,547","$165,249,063","$499,588,484"
148,149,2002,Star Wars Ep. II: Attack of the Clones,"$656,695,615","$310,676,740","$346,018,875"
149,150,2017,Justice League,"$655,945,209","$229,024,295","$426,920,914"
150,151,2003,Pirates of the Caribbean: The Curse o…,"$654,310,819","$305,410,819","$348,900,000"
151,152,2012,Men in Black 3,"$654,213,485","$179,020,854","$475,192,631"
152,153,2015,The Martian,"$653,609,107","$228,433,663","$425,175,444"
153,154,2006,Ice Age: The Meltdown,"$651,899,282","$195,330,621","$456,568,661"
154,155,2018,Fantastic Beasts: The Crimes of Grind…,"$648,455,339","$159,555,901","$488,899,438"
155,156,2014,Interstellar,"$648,082,655","$188,017,894","$460,064,761"
156,157,2015,The Hunger Games: Mockingjay - Part 2,"$647,396,133","$281,723,902","$365,672,231"
157,158,2014,Big Hero 6,"$647,263,005","$222,527,828","$424,735,177"
158,159,2013,Thor: The Dark World,"$644,602,516","$206,362,140","$438,240,376"
159,160,2008,Kung Fu Panda,"$631,910,531","$215,434,591","$416,475,940"
160,161,2004,The Incredibles,"$631,441,092","$261,441,092","$370,000,000"
161,162,2016,Sing,"$631,064,182","$270,329,045","$360,735,137"
162,163,2016,Moana,"$630,626,714","$248,757,044","$381,869,670"
163,164,2011,Fast Five,"$630,163,454","$210,031,325","$420,132,129"
164,165,2007,Ratatouille,"$626,549,695","$206,445,654","$420,104,041"
165,166,2008,Hancock,"$624,234,272","$227,946,274","$396,287,998"
166,167,2018,Ant-Man and the Wasp,"$623,144,660","$216,648,740","$406,495,920"
167,168,2004,The Passion of the Christ,"$622,313,635","$370,782,930","$251,530,705"
168,169,2010,Iron Man 2,"$621,156,389","$312,433,331","$308,723,058"
169,170,2012,Life of Pi,"$619,310,368","$124,987,022","$494,323,346"
170,171,1997,The Lost World: Jurassic Park,"$618,638,999","$229,086,679","$389,552,320"
171,172,2014,How to Train Your Dragon 2,"$614,586,270","$177,002,924","$437,583,346"
172,173,2017,Logan,"$614,202,315","$226,277,068","$387,925,247"
173,174,2005,War of the Worlds,"$606,836,535","$234,280,354","$372,556,181"
174,175,2023,LiÃº LÃ ng DÃ¬ QiÃº 2 (æµæµªå°ç2),"$604,380,922","$5,023,132","$599,357,790"
175,176,2022,Chang Jin Hu Zhi Shui Men Qiao (é¿æ´¥æ¹ä¹æ°´…,"$602,986,104",,"$602,986,104"
176,177,2017,Transformers: The Last Knight,"$602,893,340","$130,168,683","$472,724,657"
177,178,2008,Madagascar: Escape 2 Africa,"$599,680,774","$180,174,880","$419,505,894"
178,179,2006,Casino Royale,"$594,420,216","$167,365,000","$427,055,216"
179,180,2008,Quantum of Solace,"$591,692,078","$169,368,427","$422,323,651"
180,181,2008,Mamma Mia!,"$590,493,991","$144,130,063","$446,363,928"
181,182,1997,Men in Black,"$587,790,539","$250,690,539","$337,100,000"
182,183,2011,The Hangover Part II,"$586,764,305","$254,464,305","$332,300,000"
183,184,2007,I am Legend,"$585,532,684","$256,393,010","$329,139,674"
184,185,2008,Iron Man,"$585,171,547","$318,604,126","$266,567,421"
185,186,2010,Tangled,"$583,777,242","$200,821,936","$382,955,306"
186,187,2006,Night at the Museum,"$579,446,407","$250,863,268","$328,583,139"
187,188,2018,Ready Player One,"$579,055,653","$137,690,172","$441,365,481"
188,189,2013,The Croods,"$573,068,425","$187,168,425","$385,900,000"
189,190,2015,Fifty Shades of Grey,"$570,794,950","$166,167,230","$404,627,720"
190,191,2011,The Smurfs,"$563,749,323","$142,614,158","$421,135,165"
191,192,2017,Kong: Skull Island,"$561,072,059","$168,052,812","$393,019,247"
192,193,2001,"Monsters, Inc.","$560,483,719","$290,149,425","$270,334,294"
193,194,2011,Cars 2,"$560,155,383","$191,450,875","$368,704,508"
194,195,2005,Madagascar,"$556,559,566","$193,595,521","$362,964,045"
195,196,2012,Ted,"$556,016,627","$218,665,740","$337,350,887"
196,197,2004,The Day After Tomorrow,"$555,840,117","$186,740,799","$369,099,318"
197,198,2011,Puss in Boots,"$554,987,477","$149,260,504","$405,726,973"
198,199,2012,Brave,"$554,606,532","$237,282,182","$317,324,350"
199,200,1998,Armageddon,"$554,600,000","$201,578,182","$353,021,818"
200,201,2005,King Kong,"$550,517,357","$218,080,025","$332,437,332"
201,202,2000,Mission: Impossible 2,"$549,588,516","$215,409,889","$334,178,627"
202,203,1980,Star Wars Ep. V: The Empire Strikes Back,"$549,001,086","$291,738,960","$257,262,126"
203,204,2014,American Sniper,"$547,326,372","$350,126,372","$197,200,000"
204,205,2018,Tang Ren Jie Tan An 2,"$544,068,574","$1,983,984","$542,084,590"
205,206,2010,Despicable Me,"$543,464,573","$251,513,985","$291,950,588"
206,207,2018,Hong Hai Xing Dong,"$543,391,535","$1,543,547","$541,847,988"
207,208,2016,X-Men: Apocalypse,"$542,537,546","$155,442,489","$387,095,057"
208,209,2015,Cinderella,"$542,351,353","$201,151,353","$341,200,000"
209,210,2011,Sherlock Holmes: A Game of Shadows,"$535,663,443","$186,848,418","$348,815,025"
210,211,2015,The Revenant,"$532,938,302","$183,637,894","$349,300,408"
211,212,2008,WALL-E,"$532,508,025","$223,808,164","$308,699,861"
212,213,2013,World War Z,"$531,861,650","$202,706,711","$329,154,939"
213,214,2018,Ralph Breaks The Internet,"$529,290,830","$201,091,711","$328,199,119"
214,215,2014,Godzilla,"$529,076,069","$200,676,069","$328,400,000"
215,216,2017,The Boss Baby,"$527,909,949","$175,003,033","$352,906,916"
216,217,2018,Hotel Transylvania 3: Summer Vacation,"$527,706,567","$167,500,092","$360,206,475"
217,218,2018,The Meg,"$527,267,828","$145,443,742","$381,824,086"
218,219,2007,The Simpsons Movie,"$527,071,022","$183,135,014","$343,936,008"
219,220,2016,Mei Ren Yu,"$525,018,479","$3,229,457","$521,789,022"
220,221,2019,How to Train Your Dragon: The Hidden …,"$521,533,238","$160,799,505","$360,733,733"
221,222,2016,Kung Fu Panda 3,"$521,170,825","$143,528,619","$377,642,206"
222,223,2015,Ant-Man,"$518,858,449","$180,202,163","$338,656,286"
223,224,1990,Ghost,"$517,599,988","$217,631,306","$299,968,682"
224,225,2004,Meet the Fockers,"$516,567,575","$279,167,575","$237,400,000"
225,226,1991,Terminator 2: Judgment Day,"$515,376,182","$203,464,105","$311,912,077"
226,227,2018,Dr. Seussâ The Grinch,"$512,777,932","$270,834,950","$241,942,982"
227,228,2017,Dunkirk,"$512,390,011","$190,068,280","$322,321,731"
228,229,1999,Toy Story 2,"$511,358,276","$245,852,179","$265,506,097"
229,230,2020,Kimetsu no Yaiba: Mugen Ressha-Hen,"$507,127,293","$49,888,502","$457,238,791"
230,231,1992,Aladdin,"$504,050,219","$217,350,219","$286,700,000"
231,232,2021,Venom: Let There be Carnage,"$501,546,922","$213,550,366","$287,996,556"
232,233,2009,Sherlock Holmes,"$498,438,212","$209,028,679","$289,409,533"
233,234,2012,Wreck-It Ralph,"$496,511,521","$189,412,677","$307,098,844"
234,235,1996,Twister,"$495,700,000","$241,688,385","$254,011,615"
235,236,2010,How to Train Your Dragon,"$494,870,992","$217,581,232","$277,289,760"
236,237,2010,Clash of the Titans,"$493,214,888","$163,214,888","$330,000,000"
237,238,2014,Rio 2,"$492,846,291","$131,538,435","$361,307,856"
238,239,2001,Shrek,"$491,812,794","$267,655,011","$224,157,783"
239,240,2009,Angels & Demons,"$490,875,846","$133,375,846","$357,500,000"
240,241,2013,Oz the Great and Powerful,"$490,359,051","$234,770,996","$255,588,055"
241,242,2017,War for the Planet of the Apes,"$489,592,267","$146,880,162","$342,712,105"
242,243,2019,Maleficent: Mistress of Evil,"$489,181,357","$113,929,605","$375,251,752"
243,244,2011,Rio,"$487,519,809","$143,619,809","$343,900,000"
244,245,2005,Mr. and Mrs. Smith,"$486,124,090","$186,336,279","$299,787,811"
245,246,1998,Saving Private Ryan,"$485,035,085","$216,335,085","$268,700,000"
246,247,2014,Teenage Mutant Ninja Turtles,"$485,004,754","$191,204,754","$293,800,000"
247,248,2012,Les Intouchables,"$484,630,908","$13,182,281","$471,448,627"
248,249,2003,Bruce Almighty,"$484,468,608","$242,704,995","$241,763,613"
249,250,2004,Troy,"$483,152,040","$133,298,577","$349,853,463"
250,251,2022,Puss in Boots: The Last Wish,"$483,036,178","$185,535,345","$297,500,833"
251,252,1975,Jaws,"$482,947,378","$272,257,035","$210,690,343"
252,253,1983,Star Wars Ep. VI: Return of the Jedi,"$481,275,884","$315,375,603","$165,900,281"
253,254,1990,Home Alone,"$476,680,911","$285,761,243","$190,919,668"
254,255,2005,Charlie and the Chocolate Factory,"$475,825,484","$206,459,076","$269,366,408"
255,256,2019,Wo he wo de zu guo,"$474,488,019","$2,323,409","$472,164,610"
256,257,1989,Indiana Jones and the Last Crusade,"$474,171,806","$197,171,806","$277,000,000"
257,258,2020,Ba bai,"$472,648,086",,"$472,648,086"
258,259,2011,Rise of the Planet of the Apes,"$470,986,200","$176,760,185","$294,226,015"
259,260,2015,Hotel Transylvania 2,"$469,747,882","$169,700,110","$300,047,772"
260,261,2014,The Lego Movie,"$468,084,718","$257,784,718","$210,300,000"
261,262,2021,Godzilla vs. Kong,"$468,043,852","$100,916,094","$367,127,758"
262,263,2019,It: Chapter Two,"$467,563,955","$211,593,228","$255,970,727"
263,264,2013,Star Trek Into Darkness,"$467,381,584","$228,778,661","$238,602,923"
264,265,1999,The Matrix,"$465,974,198","$173,993,387","$291,980,811"
265,266,2009,The Hangover,"$465,487,583","$277,322,503","$188,165,080"
266,267,2018,Bumblebee,"$465,195,589","$127,195,589","$338,000,000"
267,268,2023,Ant-Man and the Wasp: Quantumania,"$464,557,732","$212,974,827","$251,582,905"
268,269,2006,Cars,"$461,630,558","$244,082,982","$217,547,576"
269,270,2022,Du Xing Yue Qiu (ç¬è¡æç),"$460,300,583",,"$460,300,583"
270,271,2006,X-Men: The Last Stand,"$459,260,946","$234,362,462","$224,898,484"
271,272,1996,Mission: Impossible,"$457,697,994","$180,981,886","$276,716,108"
272,273,2014,Lucy,"$457,507,776","$126,573,960","$330,933,816"
273,274,2007,National Treasure: Book of Secrets,"$457,325,804","$219,961,501","$237,364,303"
274,275,2003,The Last Samurai,"$456,810,575","$111,110,575","$345,700,000"
275,276,2015,San Andreas,"$456,258,539","$155,190,832","$301,067,707"
276,277,2007,300,"$454,161,935","$210,614,939","$243,546,996"
277,278,2000,Gladiator,"$452,282,115","$187,683,805","$264,598,310"
278,279,2018,Wo Bi Shi Yao Shen,"$451,183,392","$6,752","$451,176,640"
279,280,2001,Ocean's Eleven,"$450,728,529","$183,417,150","$267,311,379"
280,281,2012,Django Unchained,"$449,841,566","$162,805,434","$287,036,132"
281,282,2011,Thor,"$449,326,618","$181,030,624","$268,295,994"
282,283,2001,Pearl Harbor,"$449,239,853","$198,539,855","$250,699,998"
283,284,1999,Tarzan,"$448,191,819","$171,091,819","$277,100,000"
284,285,2019,The Secret Life of Pets 2,"$446,109,716","$158,874,395","$287,235,321"
285,286,2007,The Bourne Ultimatum,"$444,043,396","$227,471,070","$216,572,326"
286,287,2009,Alvin and the Chipmunks: The Squeakquel,"$443,483,213","$219,614,612","$223,868,601"
287,288,2002,Men in Black 2,"$441,767,803","$190,418,803","$251,349,000"
288,289,1993,Mrs. Doubtfire,"$441,286,003","$219,195,051","$222,090,952"
289,290,2016,Warcraft,"$438,899,824","$47,365,290","$391,534,534"
290,291,1991,Beauty and the Beast,"$438,656,843","$206,333,165","$232,323,678"
291,292,2016,La La Land,"$436,265,792","$151,101,803","$285,163,989"
292,293,2012,Les MisÃ©rables,"$435,412,594","$148,809,770","$286,602,824"
293,294,2001,The Mummy Returns,"$435,040,395","$202,007,640","$233,032,755"
294,295,2020,Wo He Wo De Jia Xiang,"$433,241,288",,"$433,241,288"
295,296,2019,Zhongguo jizhang,"$433,168,672","$706,572","$432,462,100"
296,297,2003,Terminator 3: Rise of the Machines,"$433,058,296","$150,358,296","$282,700,000"
297,298,1990,Pretty Woman,"$432,566,361","$178,406,268","$254,160,093"
298,299,2021,Shang-Chi and the Legend of the Ten R…,"$432,224,634","$224,543,292","$207,681,342"
299,300,2015,Terminator: Genisys,"$432,150,894","$89,760,956","$342,389,938"
300,301,2002,Die Another Day,"$431,942,139","$160,942,139","$271,000,000"
301,302,2018,A Star is Born,"$431,870,523","$215,288,866","$216,581,657"
302,303,2017,The Greatest Showman,"$430,782,826","$174,340,174","$256,442,652"
303,304,2010,The Kingâs Speech,"$430,061,213","$138,797,449","$291,263,764"
304,305,2019,PokÃ©mon: Detective Pikachu,"$428,919,826","$144,105,346","$284,814,480"
305,306,1973,The Exorcist,"$428,214,478","$230,347,346","$197,867,132"
306,307,2018,Rampage,"$427,947,217","$101,028,233","$326,918,984"
307,308,2003,The Matrix Revolutions,"$427,300,260","$139,270,910","$288,029,350"
308,309,2000,Cast Away,"$427,230,516","$233,632,142","$193,598,374"
309,310,2020,Bad Boys For Life,"$424,471,663","$204,417,855","$220,053,808"
310,311,1990,Dances with Wolves,"$424,208,805","$184,208,842","$239,999,963"
311,312,2010,The Chronicles of Narnia: The Voyage …,"$418,186,950","$104,386,950","$313,800,000"
312,313,2008,The Chronicles of Narnia: Prince Caspian,"$417,341,288","$141,621,490","$275,719,798"
313,314,2013,The Wolverine,"$416,456,852","$132,556,852","$283,900,000"
314,315,1999,The Mummy,"$416,385,488","$155,385,488","$261,000,000"
315,316,2016,Jason Bourne,"$416,168,316","$162,192,920","$253,975,396"
316,317,2008,Sex and the City,"$415,247,258","$152,647,258","$262,600,000"
317,318,1988,Rain Man,"$412,800,000","$172,825,435","$239,974,565"
318,319,1989,Batman,"$411,348,924","$251,188,924","$160,160,000"
319,320,1992,The Bodyguard,"$411,006,740","$122,006,740","$289,000,000"
320,321,2013,Pacific Rim,"$411,002,906","$101,802,906","$309,200,000"
321,322,2017,The Mummy,"$409,953,905","$80,101,125","$329,852,780"
322,323,2017,Kingsman: The Golden Circle,"$408,803,696","$100,234,838","$308,568,858"
323,324,2002,Signs,"$408,250,578","$227,969,295","$180,281,283"
324,325,2003,X-Men 2,"$406,348,630","$214,949,694","$191,398,936"
325,326,2008,The Mummy: Tomb of the Dragon Emperor,"$405,760,225","$102,491,776","$303,268,449"
326,327,2022,Sonic the Hedgehog 2,"$405,421,518","$190,872,904","$214,548,614"
327,328,2021,Sing 2,"$404,655,351","$162,790,990","$241,864,361"
328,329,2015,Kingsman: The Secret Service,"$404,561,724","$128,261,724","$276,300,000"
329,330,2022,Fantastic Beasts: The Secrets of Dumb…,"$404,560,145","$95,850,844","$308,709,301"
330,331,2023,John Wick: Chapter 4,"$402,987,649","$176,987,649","$226,000,000"
331,332,2012,Prometheus,"$402,448,265","$126,477,084","$275,971,181"
332,333,2008,Twilight,"$402,278,564","$192,769,854","$209,508,710"
333,334,2009,Night at the Museum: Battle of the Sm…,"$402,231,063","$177,243,721","$224,987,342"
334,335,2016,Ice Age: Collision Course,"$402,156,682","$64,063,008","$338,093,674"
335,336,2019,Alita: Battle Angel,"$401,900,040","$85,838,210","$316,061,830"
336,337,2021,Eternals,"$401,731,759","$164,870,264","$236,861,495"
337,338,2012,Snow White and the Huntsman,"$401,021,746","$155,136,755","$245,884,991"
338,339,2022,Uncharted,"$400,689,914","$148,648,820","$252,041,094"
339,340,2010,Tron: Legacy,"$399,866,199","$172,062,763","$227,803,436"
340,341,2006,Mission: Impossible III,"$399,387,745","$133,501,348","$265,886,397"
341,342,2018,Mamma Mia: Here We Go Again!,"$399,165,687","$120,634,935","$278,530,752"
342,343,2018,Solo: A Star Wars Story,"$393,151,347","$213,767,512","$179,383,835"
343,344,2022,Ji Su Shi Ke (è¿ä¸ªææä¸å¤ªå·é),"$393,014,816","$185,882","$392,828,934"
344,345,2021,Dune,"$391,774,790","$108,327,830","$283,446,960"
345,346,2022,Black Adam,"$391,261,706","$168,152,111","$223,109,595"
346,347,2006,Superman Returns,"$391,081,192","$200,120,000","$190,961,192"
347,348,1939,Gone with the Wind,"$390,525,192","$198,680,470","$191,844,722"
348,349,1991,Robin Hood: Prince of Thieves,"$390,500,000","$165,493,908","$225,006,092"
349,350,2013,The Wolf of Wall Street,"$389,816,136","$116,949,183","$272,866,953"
350,351,2019,1917,"$389,140,440","$159,227,644","$229,912,796"
351,352,1978,Grease,"$387,472,317","$181,813,770","$205,658,547"
352,353,2009,Star Trek,"$386,839,614","$257,730,019","$129,109,595"
353,354,2002,Ice Age,"$386,116,343","$176,387,405","$209,728,938"
354,355,2015,Home,"$385,997,896","$177,397,510","$208,600,386"
355,356,1985,Back to the Future,"$385,510,132","$212,259,762","$173,250,370"
356,357,2006,Happy Feet,"$385,000,315","$198,000,317","$186,999,998"
357,358,2016,Independence Day: Resurgence,"$384,169,424","$103,144,286","$281,025,138"
358,359,2001,Sen to Chihiro no Kamikakushi,"$383,877,891","$10,049,886","$373,828,005"
359,360,2008,Slumdog Millionaire,"$383,825,427","$141,330,703","$242,494,724"
360,361,2017,Cars 3,"$383,541,369","$152,901,115","$230,640,254"
361,362,2019,Godzilla: King of the Monsters,"$383,299,914","$110,500,138","$272,799,776"
362,363,2007,Live Free or Die Hard,"$382,288,147","$134,529,403","$247,758,744"
363,364,2009,Monsters vs. Aliens,"$381,687,380","$198,351,526","$183,335,854"
364,365,2017,Fifty Shades Darker,"$381,367,046","$114,434,010","$266,933,036"
365,366,2021,Black Widow,"$379,751,131","$183,651,655","$196,099,476"
366,367,2012,Hotel Transylvania,"$378,119,469","$148,313,048","$229,806,421"
367,368,2012,Taken 2,"$377,807,404","$139,854,287","$237,953,117"
368,369,2019,Once Upon a Timeâ¦in Hollywood,"$377,426,903","$142,502,728","$234,924,175"
369,370,1998,Godzilla,"$376,000,000","$136,314,294","$239,685,706"
370,371,2013,G.I. Joe: Retaliation,"$375,740,705","$122,523,060","$253,217,645"
371,372,2018,Spider-Man: Into The Spider-Verse 3D,"$375,464,627","$190,173,195","$185,291,432"
372,373,2002,My Big Fat Greek Wedding,"$374,890,034","$241,438,208","$133,451,826"
373,374,2009,X-Men Origins: Wolverine,"$374,825,760","$179,883,157","$194,942,603"
374,375,2000,What Women Want,"$374,105,123","$182,805,123","$191,300,000"
375,376,2011,The Adventures of Tintin,"$373,993,951","$77,591,831","$296,402,120"
376,377,2018,Fifty Shades Freed,"$371,985,018","$100,407,760","$271,577,258"
377,378,2004,Shark Tale,"$371,741,123","$161,412,000","$210,329,123"
378,379,2011,Captain America: The First Avenger,"$370,569,776","$176,654,505","$193,915,271"
379,380,1998,There's Something About Mary,"$369,884,651","$176,484,651","$193,400,000"
380,381,1981,Raiders of the Lost Ark,"$367,451,914","$225,686,079","$141,765,835"
381,382,2007,The Golden Compass,"$367,262,558","$70,107,728","$297,154,830"
382,383,2014,Gone Girl,"$367,160,781","$167,767,189","$199,393,592"
383,384,2014,Edge of Tomorrow,"$367,028,980","$100,206,256","$266,822,724"
384,385,2018,Xi Hong Shi Shou Fu,"$366,961,920",,"$366,961,920"
385,386,2014,Penguins of Madagascar,"$366,942,531","$83,350,911","$283,591,620"
386,387,2005,Hitch,"$366,784,257","$177,784,257","$189,000,000"
387,388,1995,Die Hard: With a Vengeance,"$366,101,666","$100,012,499","$266,089,167"
388,389,2001,Jurassic Park III,"$365,900,000","$181,166,115","$184,733,885"
389,390,2015,Mad Max: Fury Road,"$365,769,378","$153,636,354","$212,133,024"
390,391,2009,Terminator Salvation,"$365,491,792","$125,322,469","$240,169,323"
391,392,1994,True Lies,"$365,300,000","$146,282,411","$219,017,589"
392,393,1995,Toy Story,"$365,270,951","$192,523,233","$172,747,718"
393,394,1999,Notting Hill,"$363,718,196","$116,089,678","$247,628,518"
394,395,2019,Shazam!,"$363,563,907","$140,371,656","$223,192,251"
395,396,2018,The Nun,"$363,391,647","$117,450,119","$245,941,528"
396,397,1998,A Bugâs Life,"$363,095,319","$162,798,565","$200,296,754"
397,398,2004,Ocean's Twelve,"$362,989,076","$125,531,634","$237,457,442"
398,399,2007,Alvin and the Chipmunks,"$362,605,033","$217,326,974","$145,278,059"
399,400,2001,Planet of the Apes,"$362,211,740","$180,011,740","$182,200,000"
400,401,2013,The Hangover 3,"$362,000,072","$112,200,072","$249,800,000"
401,402,1999,The World is Not Enough,"$361,730,660","$126,930,660","$234,800,000"
402,403,2018,Zhuo yao ji 2,"$361,683,815","$706,153","$360,977,662"
403,404,2020,Tenet,"$360,240,189","$58,504,105","$301,736,084"
404,405,2009,Fast & Furious,"$359,347,833","$155,064,265","$204,283,568"
405,406,2015,Zhuo yao ji,"$359,295,591","$32,766","$359,262,825"
406,407,1992,Home Alone 2: Lost in New York,"$358,994,850","$173,585,516","$185,409,334"
407,408,2002,Minority Report,"$358,824,714","$132,024,714","$226,800,000"
408,409,1994,The Flintstones,"$358,500,000","$130,531,208","$227,968,792"
409,410,1986,Top Gun,"$357,469,522","$180,470,489","$176,999,033"
410,411,2005,Batman Begins,"$356,948,823","$205,343,774","$151,605,049"
411,412,1995,Goldeneye,"$356,429,933","$106,429,941","$249,999,992"
412,413,1999,American Beauty,"$356,258,047","$130,058,047","$226,200,000"
413,414,2000,Dinosaur,"$356,148,063","$137,748,063","$218,400,000"
414,415,2002,Catch Me if You Can,"$355,612,291","$164,606,800","$191,005,491"
415,416,2011,X-Men: First Class,"$355,408,305","$146,408,305","$209,000,000"
416,417,2014,Night at the Museum: Secret of the Tomb,"$353,756,621","$113,746,621","$240,010,000"
417,418,1993,The Fugitive,"$353,715,317","$183,875,760","$169,839,557"
418,419,2013,The Great Gatsby,"$353,640,419","$144,840,419","$208,800,000"
419,420,2019,Dumbo,"$353,166,307","$114,766,307","$238,400,000"
420,421,2014,Noah,"$352,831,065","$101,200,044","$251,631,021"
421,422,1992,Basic Instinct,"$352,699,997","$117,727,224","$234,972,773"
422,423,2016,The Angry Birds Movie,"$352,288,341","$107,509,366","$244,778,975"
423,424,2010,The Karate Kid,"$351,774,938","$176,591,618","$175,183,320"
424,425,2017,Murder on the Orient Express,"$351,767,147","$102,826,543","$248,940,604"
425,426,1994,The Mask,"$351,620,129","$119,920,129","$231,700,000"
426,427,1988,Who Framed Roger Rabbit?,"$351,500,000","$154,112,492","$197,387,508"
427,428,2012,Dr. Seussâ The Lorax,"$350,976,753","$214,030,500","$136,946,253"
428,429,2001,Hannibal,"$350,100,280","$165,092,266","$185,008,014"
429,430,1998,Deep Impact,"$349,464,664","$140,464,664","$209,000,000"
430,431,2016,Kimi no na wa,"$349,285,396","$5,000,181","$344,285,215"
431,432,2011,Alvin and the Chipmunks: Chipwrecked,"$349,088,523","$133,107,389","$215,981,134"
432,433,2016,The Legend of Tarzan,"$348,902,025","$126,643,061","$222,258,964"
433,434,2018,Mary Poppins Returns,"$348,901,032","$171,958,438","$176,942,594"
434,435,2004,"I, Robot","$348,629,585","$144,801,023","$203,828,562"
435,436,2013,The Smurfs 2,"$348,547,523","$71,017,784","$277,529,739"
436,437,2014,The Maze Runner,"$348,319,861","$102,427,862","$245,891,999"
437,438,2001,Rush Hour 2,"$347,425,832","$226,164,286","$121,261,546"
438,439,1995,Pocahontas,"$347,100,000","$141,579,773","$205,520,227"
439,440,2018,Peter Rabbit,"$346,727,372","$115,234,093","$231,493,279"
440,441,2000,How the Grinch Stole Christmas,"$345,445,403","$260,348,825","$85,096,578"
441,442,2017,xXx: Return of Xander Cage,"$345,033,359","$44,898,413","$300,134,946"
442,443,2006,Over the Hedge,"$343,397,247","$155,019,340","$188,377,907"
443,444,2016,Trolls,"$343,242,613","$153,707,064","$189,535,549"
444,445,2013,Now You See Me,"$342,769,200","$117,723,989","$225,045,211"
445,446,2008,Wanted,"$342,416,460","$134,508,551","$207,907,909"
446,447,1977,Close Encounters of the Third Kind,"$340,800,479","$169,100,479","$171,700,000"
447,448,2007,Enchanted,"$340,384,141","$127,706,877","$212,677,264"
448,449,1997,Tomorrow Never Dies,"$339,504,276","$125,304,276","$214,200,000"
449,450,1995,Batman Forever,"$336,529,144","$184,031,112","$152,498,032"
450,451,2010,Prince of Persia: Sands of Time,"$336,359,676","$90,759,676","$245,600,000"
451,452,1996,The Rock,"$336,069,511","$134,069,511","$202,000,000"
452,453,1995,Apollo 13,"$335,802,271","$173,772,767","$162,029,504"
453,454,2016,Star Trek Beyond,"$335,673,708","$158,848,340","$176,825,368"
454,455,2018,A Quiet Place,"$334,876,670","$188,024,361","$146,852,309"
455,456,2017,Never Say Die,"$334,536,622",,"$334,536,622"
456,457,2016,The Great Wall,"$334,486,852","$45,157,105","$289,329,747"
457,458,2015,The Good Dinosaur,"$333,771,037","$123,087,120","$210,683,917"
458,459,2005,Fantastic Four,"$333,132,750","$154,696,080","$178,436,670"
459,460,1984,Indiana Jones and the Temple of Doom,"$333,080,271","$179,880,271","$153,200,000"
460,461,1989,Back to the Future Part II,"$331,971,868","$118,450,002","$213,521,866"
461,462,2014,22 Jump Street,"$331,333,876","$191,719,337","$139,614,539"
462,463,2004,National Treasure,"$331,323,410","$173,005,002","$158,318,408"
463,464,2010,Black Swan,"$331,266,710","$106,954,678","$224,312,032"
464,465,2014,300: Rise of an Empire,"$330,780,051","$106,580,051","$224,200,000"
465,466,2000,Meet the Parents,"$330,425,040","$166,225,040","$164,200,000"
466,467,2008,The Curious Case of Benjamin Button,"$329,631,958","$127,509,326","$202,122,632"
467,468,2000,The Perfect Storm,"$328,711,434","$182,618,434","$146,093,000"
468,469,2016,Now You See Me 2,"$328,325,007","$65,075,540","$263,249,467"
469,470,1986,Crocodile Dundee,"$328,203,506","$174,803,506","$153,400,000"
470,471,1995,Se7en,"$328,125,643","$100,125,643","$228,000,000"
471,472,2008,Bolt,"$328,015,029","$114,053,579","$213,961,450"
472,473,2015,Taken 3,"$327,656,424","$89,256,424","$238,400,000"
473,474,2019,John Wick: Chapter 3 â Parabellum,"$327,203,701","$171,016,727","$156,186,974"
474,475,2019,Feng Kuang De Wai Xing Ren,"$326,150,303",,"$326,150,303"
475,476,2006,The Devil Wears Prada,"$326,073,155","$124,740,460","$201,332,695"
476,477,1996,The Hunchback of Notre Dame,"$325,500,000","$100,138,851","$225,361,149"
477,478,2021,Free Guy,"$323,473,792","$121,626,598","$201,847,194"
478,479,2010,Robin Hood,"$322,459,006","$105,487,148","$216,971,858"
479,480,1993,Schindlerâs List,"$322,197,130","$96,898,818","$225,298,312"
480,481,2010,Megamind,"$321,887,208","$148,415,853","$173,471,355"
481,482,1987,Fatal Attraction,"$320,099,997","$156,645,693","$163,454,304"
482,483,2018,Green Book,"$319,995,019","$85,080,171","$234,914,848"
483,484,2010,The Last Airbender,"$319,713,881","$131,772,187","$187,941,694"
484,485,1992,Lethal Weapon 3,"$319,700,000","$144,731,527","$174,968,473"
485,486,2022,Suzume no tojimari (ãããã®æ¸ç· ã¾ã)…,"$319,255,336","$9,920,885","$309,334,451"
486,487,2012,Journey 2: The Mysterious Island,"$318,146,162","$103,860,290","$214,285,872"
487,488,2001,A Beautiful Mind,"$317,668,058","$170,708,996","$146,959,062"
488,489,2013,The Conjuring,"$316,849,722","$137,400,141","$179,449,581"
489,490,2009,Inglourious Basterds,"$316,802,281","$120,774,594","$196,027,687"
490,491,1984,Beverly Hills Cop,"$316,300,000","$234,760,478","$81,539,522"
491,492,2009,Disneyâs A Christmas Carol,"$315,709,697","$137,855,863","$177,853,834"
492,493,1997,Air Force One,"$315,268,353","$172,956,409","$142,311,944"
493,494,2009,The Proposal,"$314,709,717","$163,958,031","$150,751,686"
494,495,1997,As Good as it Gets,"$314,111,923","$148,478,011","$165,633,912"
495,496,2016,Resident Evil: The Final Chapter,"$314,101,190","$26,844,692","$287,256,498"
496,497,2012,Battleship,"$313,477,717","$65,233,400","$248,244,317"
497,498,2019,Knives Out,"$312,898,746","$165,364,060","$147,534,686"
498,499,1999,Austin Powers: The Spy Who Shagged Me,"$312,383,487","$206,040,085","$106,343,402"
499,500,2004,The Polar Express,"$312,183,437","$188,042,855","$124,140,582"
500,501,2012,The Expendables 2,"$311,979,256","$85,028,192","$226,951,064"
501,502,2007,Ocean's Thirteen,"$311,744,465","$117,144,465","$194,600,000"
502,503,2015,The SpongeBob Movie: Sponge Out of Water,"$311,013,181","$162,994,032","$148,019,149"
503,504,2004,The Bourne Supremacy,"$311,001,124","$176,087,450","$134,913,674"
504,505,2017,Wonder,"$310,824,596","$132,422,809","$178,401,787"
505,506,2010,Little Fockers,"$310,650,574","$148,438,600","$162,211,974"
506,507,2015,Maze Runner: The Scorch Trials,"$310,566,162","$81,697,192","$228,868,970"
507,508,2017,The Lego Batman Movie,"$310,563,096","$175,750,384","$134,812,712"
508,509,2016,The Conjuring 2: The Enfield Poltergeist,"$310,196,332","$102,470,008","$207,726,324"
509,510,1999,Runaway Bride,"$310,138,178","$152,257,509","$157,880,669"
510,511,2005,Chicken Little,"$310,043,823","$135,386,665","$174,657,158"
511,512,1996,Ransom,"$308,700,000","$136,492,681","$172,207,319"
512,513,2017,Qian Ren 3: Yan Zhi Da Zuo Zhan,"$307,547,824","$837,791","$306,710,033"
513,514,2006,The Pursuit of Happyness,"$307,311,093","$162,586,036","$144,725,057"
514,515,2014,The Fault in Our Stars,"$307,166,834","$124,872,350","$182,294,484"
515,516,2012,Rise of the Guardians,"$306,941,670","$103,412,758","$203,528,912"
516,517,2002,Chicago,"$306,770,545","$170,687,518","$136,083,027"
517,518,2009,The Blind Side,"$305,705,794","$255,959,475","$49,746,319"
518,519,2017,Annabelle: Creation,"$305,384,865","$102,092,201","$203,292,664"
519,520,2012,Wrath of the Titans,"$305,270,083","$83,670,083","$221,600,000"
520,521,2016,Dangal,"$305,149,461","$12,391,761","$292,757,700"
521,522,2018,Skyscraper,"$304,858,121","$68,420,120","$236,438,001"
522,523,2013,A Good Day to Die Hard,"$304,249,198","$67,349,198","$236,900,000"
523,524,1996,101 Dalmatians,"$304,200,000","$136,189,294","$168,010,706"
524,525,1998,Mulan,"$303,500,000","$120,620,254","$182,879,746"
525,526,1997,Liar Liar,"$302,710,615","$181,410,615","$121,300,000"
526,527,2020,Sonic The Hedgehog,"$302,536,124","$146,066,470","$156,469,654"
527,528,2009,G.I. Joe: The Rise of Cobra,"$302,469,017","$150,201,498","$152,267,519"
528,529,2016,Passengers,"$302,239,672","$100,014,699","$202,224,973"
529,530,1991,Hook,"$300,854,823","$119,654,823","$181,200,000"
530,531,1985,Rambo: First Blood Part II,"$300,400,000","$150,415,432","$149,984,568"
531,532,1985,Rocky IV,"$300,373,716","$127,873,716","$172,500,000"
532,533,1978,Superman,"$300,200,000","$134,218,018","$165,981,982"
533,534,2004,Van Helsing,"$300,150,546","$120,150,546","$180,000,000"
534,535,2008,Horton Hears a Who,"$299,477,886","$154,529,439","$144,948,447"
535,536,2010,Shutter Island,"$299,461,782","$128,012,934","$171,448,848"
536,537,1997,My Best Friend's Wedding,"$298,923,419","$126,813,153","$172,110,266"
537,538,1999,Stuart Little,"$298,815,224","$140,015,224","$158,800,000"
538,539,2018,Oceanâs 8,"$297,718,711","$140,218,711","$157,500,000"
539,540,1989,Look Who's Talking,"$297,100,000","$140,088,813","$157,011,187"
540,541,2000,X-Men,"$296,872,367","$157,299,717","$139,572,650"
541,542,2021,A Quiet Place: Part II,"$296,650,356","$160,215,764","$136,434,592"
542,543,2002,Austin Powers in Goldmember,"$296,338,663","$213,117,789","$83,220,874"
543,544,2016,Miss Peregrineâs Home for Peculiar Ch…,"$295,986,876","$87,242,834","$208,744,042"
544,545,2010,Resident Evil: Afterlife,"$295,874,190","$60,128,566","$235,745,624"
545,546,1984,Ghostbusters,"$295,585,416","$242,604,185","$52,981,231"
546,547,2015,The Divergent Series: Insurgent,"$295,075,882","$130,179,072","$164,896,810"
547,548,2010,Sex and the City 2,"$294,680,778","$95,347,692","$199,333,086"
548,549,1998,Doctor Dolittle,"$294,156,605","$144,156,605","$150,000,000"
549,550,2009,G-Force,"$292,817,841","$119,436,770","$173,381,071"
550,551,2018,Pacific Rim: Uprising,"$290,930,148","$59,874,525","$231,055,623"
551,552,1999,The Green Mile,"$290,701,374","$136,801,374","$153,900,000"
552,553,2010,Salt,"$290,650,494","$118,311,368","$172,339,126"
553,554,2006,The Departed,"$289,660,619","$132,384,315","$157,276,304"
554,555,2011,Bridesmaids,"$289,632,023","$169,211,718","$120,420,305"
555,556,2007,Fantastic Four: Rise of the Silver Su…,"$289,480,691","$131,921,738","$157,558,953"
556,557,1988,Coming to America,"$288,800,000","$128,152,301","$160,647,699"
557,558,2000,What Lies Beneath,"$288,693,989","$155,464,351","$133,229,638"
558,559,2017,Ferdinand,"$288,510,892","$84,410,380","$204,100,512"
559,560,2013,Oblivion,"$287,916,633","$89,107,235","$198,809,398"
560,561,2007,Bee Movie,"$287,594,577","$126,631,277","$160,963,300"
561,562,2015,Pitch Perfect 2,"$287,215,196","$184,296,230","$102,918,966"
562,563,2013,Turbo,"$286,896,578","$83,028,130","$203,868,448"
563,564,2001,American Pie 2,"$286,500,000","$145,096,820","$141,403,180"
564,565,1965,The Sound of Music,"$286,213,504","$163,214,286","$122,999,218"
565,566,2013,Elysium,"$286,192,091","$93,050,117","$193,141,974"
566,567,1998,Lethal Weapon 4,"$285,400,000","$130,444,603","$154,955,397"
567,568,2005,Wedding Crashers,"$283,218,368","$209,218,368","$74,000,000"
568,569,1994,Speed,"$283,200,000","$121,248,145","$161,951,855"
569,570,2012,John Carter,"$282,778,100","$73,058,679","$209,719,421"
570,571,1977,Saturday Night Fever,"$282,400,000","$139,486,124","$142,913,876"
571,572,1995,Casper,"$282,300,000","$100,328,194","$181,971,806"
572,573,2012,The Bourne Legacy,"$280,355,920","$113,203,870","$167,152,050"
573,574,2022,Elvis,"$279,854,594","$151,040,048","$128,814,546"
574,575,1998,Shakespeare in Love,"$279,500,000","$100,317,794","$179,182,206"
575,576,2017,Split,"$278,754,594","$138,141,585","$140,613,009"
576,577,2010,The Tourist,"$278,731,369","$67,631,157","$211,100,212"
577,578,2000,Scary Movie,"$277,200,000","$157,019,771","$120,180,229"
578,579,2016,Alice Through the Looking Glass,"$276,928,112","$77,042,381","$199,885,731"
579,580,1987,Beverly Hills Cop II,"$276,665,036","$153,665,036","$123,000,000"
580,581,2002,Scooby-Doo,"$276,294,164","$153,294,164","$123,000,000"
581,582,2014,Divergent,"$276,014,965","$150,947,895","$125,067,070"
582,583,1991,The Silence of the Lambs,"$275,726,716","$130,726,716","$145,000,000"
583,584,2008,Gran Torino,"$274,543,085","$148,095,302","$126,447,783"
584,585,2008,High School Musical 3: Senior Year,"$274,392,880","$90,559,416","$183,833,464"
585,586,2013,Cloudy with a Chance of Meatballs 2,"$274,392,649","$119,793,567","$154,599,082"
586,587,1996,The Nutty Professor,"$273,814,019","$128,814,019","$145,000,000"
587,588,1996,Jerry Maguire,"$273,552,592","$153,952,592","$119,600,000"
588,589,2018,Tomb Raider,"$273,477,501","$58,250,803","$215,226,698"
589,590,2001,Bridget Jones's Diary,"$273,441,742","$71,500,556","$201,941,186"
590,591,2012,Lincoln,"$273,346,281","$182,207,973","$91,138,308"
591,592,2001,Lara Croft: Tomb Raider,"$273,330,185","$131,144,183","$142,186,002"
592,593,2003,Bad Boys II,"$273,271,982","$138,540,870","$134,731,112"
593,594,2023,Creed III,"$272,334,909","$156,138,291","$116,196,618"
594,595,2010,Grown Ups,"$272,222,420","$162,001,186","$110,221,234"
595,596,2009,The Princess and the Frog,"$270,997,378","$104,400,899","$166,596,479"
596,597,2014,Neighbors,"$270,944,428","$150,086,800","$120,857,628"
597,598,1993,The Firm,"$270,340,892","$158,340,892","$112,000,000"
598,599,1972,The Godfather,"$270,007,394","$136,479,994","$133,527,400"
599,600,2014,Mr. Peabody & Sherman,"$269,806,430","$111,506,430","$158,300,000"
600,601,2008,"10,000 B.C.","$269,065,678","$94,784,201","$174,281,477"
601,602,2014,Exodus: Gods and Kings,"$268,314,513","$65,014,513","$203,300,000"
602,603,2010,The Expendables,"$268,268,174","$103,068,524","$165,199,650"
603,604,1942,Bambi,"$268,000,000","$102,797,000","$165,203,000"
604,605,2007,American Gangster,"$267,985,456","$130,164,645","$137,820,811"
605,606,2013,Weâre the Millers,"$267,816,276","$150,394,119","$117,422,157"
606,607,2002,xXx,"$267,200,000","$141,930,000","$125,270,000"
607,608,1992,Batman Returns,"$266,824,291","$162,833,635","$103,990,656"
608,609,2003,Something's Gotta Give,"$266,685,242","$124,685,242","$142,000,000"
609,610,1993,Indecent Proposal,"$266,600,000","$106,614,059","$159,985,941"
610,611,2018,Maze Runner: The Death Cure,"$265,878,536","$58,032,443","$207,846,093"
611,612,2008,The Incredible Hulk,"$265,573,859","$134,806,913","$130,766,946"
612,613,1995,Waterworld,"$264,246,220","$88,246,220","$176,000,000"
613,614,1998,The Truman Show,"$264,118,201","$125,618,201","$138,500,000"
614,615,2004,Bridget Jones: The Edge Of Reason,"$263,894,551","$40,203,020","$223,691,531"
615,616,1997,The Fifth Element,"$263,892,820","$63,570,862","$200,321,958"
616,617,2011,Real Steel,"$263,880,341","$85,463,309","$178,417,032"
617,618,1950,Cinderella,"$263,591,415","$85,000,000","$178,591,415"
618,619,2017,Baahubali 2: The Conclusion,"$263,502,914","$18,985,794","$244,517,120"
619,620,2013,Epic,"$262,794,441","$107,518,682","$155,275,759"
620,621,1995,Jumanji,"$262,758,310","$100,458,310","$162,300,000"
621,622,2006,Borat,"$261,443,242","$128,505,958","$132,937,284"
622,623,1990,Total Recall,"$261,399,830","$119,394,839","$142,004,991"
623,624,1997,The Full Monty,"$261,249,383","$45,950,122","$215,299,261"
624,625,2005,Robots,"$260,636,271","$128,200,012","$132,436,259"
625,626,2013,The Lone Ranger,"$260,002,115","$89,302,115","$170,700,000"
626,627,2000,Charlie's Angels,"$259,736,090","$125,305,545","$134,430,545"
627,628,2015,The Ghouls,"$259,425,249","$1,243,810","$258,181,439"
628,629,2010,Knight and Day,"$258,751,370","$76,423,035","$182,328,335"
629,630,1985,Out of Africa,"$258,210,860","$79,096,868","$179,113,992"
630,631,2017,Blade Runner 2049,"$258,023,203","$92,054,159","$165,969,044"
631,632,2011,Super 8,"$257,972,745","$127,004,179","$130,968,566"
632,633,2013,American Hustle,"$257,858,943","$150,098,456","$107,760,487"
633,634,2000,Erin Brockovich,"$257,805,243","$125,548,685","$132,256,558"
634,635,2004,The Village,"$257,641,634","$114,197,520","$143,444,114"
635,636,2014,Annabelle,"$256,857,527","$84,273,813","$172,583,714"
636,637,2007,Rush Hour 3,"$256,585,882","$140,125,968","$116,459,914"
637,638,1997,Bean,"$256,574,128","$45,334,169","$211,239,959"
638,639,2019,Us,"$256,022,707","$175,084,580","$80,938,127"
639,640,2017,Gong fu yu jia,"$256,004,127","$362,657","$255,641,470"
640,641,2019,Fei Chi Ren Sheng,"$255,832,826",,"$255,832,826"
641,642,2014,The Taking of Tiger Mountain,"$255,742,933","$222,964","$255,519,969"
642,643,2018,Halloween,"$255,416,089","$159,366,015","$96,050,074"
643,644,1993,Cliffhanger,"$255,000,000","$84,049,211","$170,950,789"
644,645,2022,RÃ©nshÄng dÃ shÃ¬ (äººçå¤§äº),"$253,816,909",,"$253,816,909"
645,646,2007,Wild Hogs,"$253,555,383","$168,213,584","$85,341,799"
646,647,2019,Gisaengchung (ê¸°ìì¶©),"$253,370,908","$53,369,745","$200,001,163"
647,648,2019,Men in Black: International,"$253,015,298","$80,001,807","$173,013,491"
648,649,2014,Paddington,"$252,410,984","$76,223,578","$176,187,406"
649,650,2017,Get Out,"$252,297,405","$175,837,935","$76,459,470"
650,651,2010,True Grit,"$252,276,928","$171,243,005","$81,033,923"
651,652,2009,Michael Jackson's This Is It,"$252,091,016","$72,091,016","$180,000,000"
652,653,2020,Dolittle,"$251,509,294","$77,047,065","$174,462,229"
653,654,2013,After Earth,"$251,499,665","$60,522,097","$190,977,568"
654,655,1998,Youâve Got Mail,"$250,800,000","$115,821,495","$134,978,505"
655,656,1997,Hercules,"$250,700,000","$99,112,101","$151,587,899"
656,657,2022,The Bad Guys,"$250,659,286","$97,233,630","$153,425,656"
657,658,1998,Enemy of the State,"$250,649,836","$111,549,836","$139,100,000"
658,659,2003,Brother Bear,"$250,397,798","$85,336,277","$165,061,521"
659,660,2019,Terminator: Dark Fate,"$250,367,666","$62,253,077","$188,114,589"
660,661,1996,Space Jam,"$250,180,384","$90,463,534","$159,716,850"
661,662,2015,The Peanuts Movie,"$250,091,610","$130,178,411","$119,913,199"
662,663,2022,Eiga Slam Dunk,"$249,873,988",,"$249,873,988"
663,664,2015,Alvin and the Chipmunks: The Road Chip,"$249,517,956","$85,886,987","$163,630,969"
664,665,2006,Eragon,"$249,488,115","$75,030,163","$174,457,952"
665,666,2017,Xi You Fu Yao Pian,"$248,805,149","$880,346","$247,924,803"
666,667,1999,The Blair Witch Project,"$248,300,000","$140,539,099","$107,760,901"
667,668,2002,The Ring,"$248,218,486","$129,094,024","$119,124,462"
668,669,2000,Unbreakable,"$248,099,143","$94,999,143","$153,100,000"
669,670,2008,Marley & Me,"$247,812,011","$143,153,751","$104,658,260"
670,671,2008,Bienvenue chez les Ch'tis,"$247,474,497","$1,477,650","$245,996,847"
671,672,2013,Grown Ups 2,"$247,023,808","$133,668,525","$113,355,283"
672,673,2019,Glass,"$246,999,039","$111,048,468","$135,950,571"
673,674,2003,Love Actually,"$246,546,998","$59,472,278","$187,074,720"
674,675,1994,Dumb & Dumber,"$246,400,000","$127,175,374","$119,224,626"
675,676,2019,Dark Phoenix,"$246,356,895","$65,845,974","$180,510,921"
676,677,1995,Babe,"$246,100,000","$63,658,910","$182,441,090"
677,678,2002,Lilo & Stitch,"$245,799,997","$145,771,527","$100,028,470"
678,679,2002,8 Mile,"$245,768,384","$116,724,075","$129,044,309"
679,680,2011,Rango,"$245,724,600","$123,477,607","$122,246,993"
680,681,2012,Dark Shadows,"$245,564,215","$79,727,149","$165,837,066"
681,682,2016,Teenage Mutant Ninja Turtles: Out of …,"$245,328,374","$82,051,601","$163,276,773"
682,683,1998,Rush Hour,"$245,300,000","$141,186,864","$104,113,136"
683,684,2019,Lie huo ying xiong,"$245,179,530","$290,217","$244,889,313"
684,685,2003,Hulk,"$245,031,679","$132,177,234","$112,854,445"
685,686,1990,Back to the Future Part III,"$244,087,259","$88,055,283","$156,031,976"
686,687,2015,Pixels,"$244,041,804","$78,765,986","$165,275,818"
687,688,2020,Jiang Ziya,"$243,887,233","$214,670","$243,672,563"
688,689,2014,Hercules,"$243,388,614","$72,688,614","$170,700,000"
689,690,2008,Journey to the Center of the Earth,"$243,180,937","$101,704,370","$141,476,567"
690,691,2014,RoboCop,"$242,981,799","$58,607,007","$184,374,792"
691,692,1994,Four Weddings and a Funeral,"$242,895,809","$52,700,832","$190,194,977"
692,693,2015,Daddyâs Home,"$241,504,989","$150,357,137","$91,147,852"
693,694,1997,Face/Off,"$241,199,984","$112,276,146","$128,923,838"
694,695,2016,Assassinâs Creed,"$240,759,682","$54,647,948","$186,111,734"
695,696,2012,Resident Evil: Retribution,"$240,647,629","$42,345,531","$198,302,098"
696,697,1990,Die Hard 2,"$239,813,888","$117,323,878","$122,490,010"
697,698,1988,Crocodile Dundee 2,"$239,606,210","$109,306,210","$130,300,000"
698,699,1989,Dead Poets Society,"$239,500,000","$95,860,116","$143,639,884"
699,700,2011,The Girl with the Dragon Tattoo,"$239,373,970","$102,515,793","$136,858,177"
700,701,1984,Grand Canyon: The Hidden Secrets,"$239,000,000","$52,800,000","$186,200,000"
701,702,2022,Bullet Train,"$238,534,963","$103,368,602","$135,166,361"
702,703,2016,Sully,"$238,524,556","$125,070,033","$113,454,523"
703,704,2017,Alien: Covenant,"$238,521,247","$74,262,031","$164,259,216"
704,705,1997,Batman & Robin,"$238,317,814","$107,325,195","$130,992,619"
705,706,2013,Disney Planes,"$238,059,569","$90,282,580","$147,776,989"
706,707,2005,Hauru no ugoku shiro,"$237,814,327","$4,710,455","$233,103,872"
707,708,2018,Crazy Rich Asians,"$237,814,149","$174,532,921","$63,281,228"
708,709,2006,Click,"$237,685,089","$137,355,633","$100,329,456"
709,710,2008,The Day the Earth Stood Still,"$237,370,350","$79,366,978","$158,003,372"
710,711,2015,Gang jiong,"$237,273,381","$1,302,281","$235,971,100"
711,712,2009,Cloudy with a Chance of Meatballs,"$236,827,677","$124,870,275","$111,957,402"
712,713,2012,American Reunion,"$236,799,211","$56,758,835","$180,040,376"
713,714,1992,A Few Good Men,"$236,500,000","$141,340,178","$95,159,822"
714,715,2012,Silver Linings Playbook,"$236,412,453","$132,092,958","$104,319,495"
715,716,2003,2 Fast 2 Furious,"$236,410,607","$127,120,058","$109,290,549"
716,717,2022,WÃ n LÇ GuÄ« TÃº (ä¸éå½é),"$236,085,820",,"$236,085,820"
717,718,2001,Artificial Intelligence: AI,"$235,900,000","$78,616,689","$157,283,311"
718,719,2007,Mr. Beanâs Holiday,"$234,981,342","$33,302,167","$201,679,175"
719,720,1999,American Pie,"$234,723,148","$101,800,948","$132,922,200"
720,721,1996,Eraser,"$234,400,000","$101,295,562","$133,104,438"
721,722,2015,Spy!,"$233,844,106","$110,825,712","$123,018,394"
722,723,1998,The Mask of Zorro,"$233,700,000","$93,828,745","$139,871,255"
723,724,2000,Gone in 60 Seconds,"$232,643,008","$101,643,008","$131,000,000"
724,725,2003,American Wedding,"$232,354,205","$104,354,205","$128,000,000"
725,726,2010,Gulliver's Travels,"$232,017,848","$42,779,261","$189,238,587"
726,727,2004,Million Dollar Baby,"$231,928,227","$100,492,203","$131,436,024"
727,728,1996,The English Patient,"$231,710,008","$78,716,374","$152,993,634"
728,729,1992,Sister Act,"$231,600,000","$139,605,150","$91,994,850"
729,730,2007,Juno,"$231,450,102","$143,495,265","$87,954,837"
730,731,2021,Encanto,"$231,114,145","$96,093,622","$135,020,523"
731,732,2019,Annabelle Comes Home,"$230,779,191","$74,152,591","$156,626,600"
732,733,2016,Hidden Figures,"$230,677,636","$169,607,287","$61,070,349"
733,734,2019,Shao Nian De Ni,"$230,104,810","$1,921,657","$228,183,153"
734,735,2013,The Heat,"$229,727,774","$159,581,587","$70,146,187"
735,736,2007,Ghost Rider,"$229,545,589","$115,802,596","$113,742,993"
736,737,1998,La vita Ã¨ bella,"$229,375,361","$57,598,247","$171,777,114"
737,738,2011,The Green Hornet,"$229,155,503","$98,780,042","$130,375,461"
738,739,2016,Ghostbusters,"$229,008,658","$128,350,574","$100,658,084"
739,740,1999,Big Daddy,"$228,641,283","$163,479,795","$65,161,488"
740,741,1993,Sleepless in Seattle,"$227,899,326","$126,680,884","$101,218,442"
741,742,2000,Chicken Run,"$227,793,915","$106,793,915","$121,000,000"
742,743,2014,The Imitation Game,"$227,328,585","$91,125,143","$136,203,442"
743,744,1989,Lethal Weapon 2,"$227,300,000","$147,253,986","$80,046,014"
744,745,2003,Charlie's Angels: Full Throttle,"$227,163,273","$100,814,328","$126,348,945"
745,746,2012,Argo,"$227,140,757","$136,025,503","$91,115,254"
746,747,2017,Fang Hua,"$227,089,269","$1,891,956","$225,197,313"
747,748,2017,Baby Driver,"$226,977,991","$107,825,862","$119,152,129"
748,749,2008,Taken,"$226,941,585","$145,000,989","$81,940,596"
749,750,2008,Get Smart,"$226,739,416","$130,319,208","$96,420,208"
750,751,2008,Yes Man,"$225,990,976","$97,690,976","$128,300,000"
751,752,1997,Good Will Hunting,"$225,925,989","$138,433,435","$87,492,554"
752,753,2021,Cruella,"$225,816,529","$86,103,234","$139,713,295"
753,754,1976,Rocky,"$225,000,000","$117,235,147","$107,764,853"
754,755,2010,The Social Network,"$224,922,135","$96,962,694","$127,959,441"
755,756,2003,Elf,"$224,912,848","$178,100,000","$46,812,848"
756,757,2009,Itâs Complicated,"$224,614,744","$112,735,375","$111,879,369"
757,758,2019,Ford v. Ferrari,"$224,390,706","$117,624,357","$106,766,349"
758,759,1997,Con Air,"$224,117,573","$101,117,573","$123,000,000"
759,760,1994,Interview with the Vampire,"$223,564,608","$105,264,608","$118,300,000"
760,761,2010,Percy Jackson & the Olympians: The Li…,"$223,050,874","$88,768,303","$134,282,571"
761,762,1989,"Honey, I Shrunk the Kids","$222,700,000","$130,724,172","$91,975,828"
762,763,2008,Jumper,"$222,640,812","$80,172,128","$142,468,684"
763,764,2014,Non-Stop,"$222,383,055","$91,742,160","$130,640,895"
764,765,1989,The Little Mermaid,"$222,299,758","$111,543,479","$110,756,279"
765,766,2005,Constantine,"$221,593,554","$75,976,178","$145,617,376"
766,767,2023,XiÃ³ng ChÅ« MÃ² BÃ n WÇ XiÃ³ng XÄ«n (çåºæ²¡Â·ä¼´æ…,"$221,590,000",,"$221,590,000"
767,768,2008,Bedtime Stories,"$221,468,935","$110,101,975","$111,366,960"
768,769,1990,Presumed Innocent,"$221,300,000","$86,303,188","$134,996,812"
769,770,2015,Everest,"$221,297,061","$43,482,270","$177,814,791"
770,771,1999,Wild Wild West,"$221,229,335","$113,805,681","$107,423,654"
771,772,2004,Fahrenheit 9/11,"$221,148,959","$119,114,517","$102,034,442"
772,773,2017,Geostorm,"$220,796,009","$33,700,160","$187,095,849"
773,774,2013,Captain Phillips,"$220,648,184","$107,136,417","$113,511,767"
774,775,2020,Song Ni Yi Duo Xiao Hong Hua,"$220,490,000",,"$220,490,000"
775,776,2014,Dracula Untold,"$220,241,723","$55,991,880","$164,249,843"
776,777,2011,Green Lantern,"$219,535,492","$116,601,172","$102,934,320"
777,778,2016,Inferno,"$219,519,367","$34,343,574","$185,175,793"
778,779,2007,Knocked Up,"$219,265,952","$148,761,765","$70,504,187"
779,780,2021,Wo He Wo De Fu Be,"$218,887,824",,"$218,887,824"
780,781,2019,Little Women,"$218,838,386","$108,095,955","$110,742,431"
781,782,2022,Lightyear,"$218,768,299","$118,307,188","$100,461,111"
782,783,2005,Kingdom of Heaven,"$218,674,938","$47,398,413","$171,276,525"
783,784,2004,The Terminal,"$218,673,959","$77,073,959","$141,600,000"
784,785,1998,The Prince of Egypt,"$218,613,188","$101,413,188","$117,200,000"
785,786,2008,What Happens in Vegas...,"$218,535,708","$80,277,646","$138,258,062"
786,787,2010,The Sorcerer's Apprentice,"$217,986,320","$63,150,991","$154,835,329"
787,788,2004,Collateral,"$217,602,967","$100,170,152","$117,432,815"
788,789,2010,Valentine's Day,"$217,569,328","$110,485,654","$107,083,674"
789,790,2012,Jack Reacher,"$217,370,736","$80,070,736","$137,300,000"
790,791,2015,Ted 2,"$217,214,143","$81,476,385","$135,737,758"
791,792,2016,Central Intelligence,"$217,194,805","$127,440,871","$89,753,934"
792,793,1988,Twins,"$216,600,000","$111,936,388","$104,663,612"
793,794,2017,The Emoji Movie,"$216,564,839","$86,089,513","$130,475,326"
794,795,2022,Smile,"$216,049,734","$105,935,048","$110,114,686"
795,796,1992,Bram Stoker's Dracula,"$215,862,666","$82,522,790","$133,339,876"
796,797,1989,Ghostbusters II,"$215,500,000","$112,494,738","$103,005,262"
797,798,2011,Bad Teacher,"$215,448,997","$100,292,856","$115,156,141"
798,799,2000,The Patriot,"$215,300,000","$113,330,342","$101,969,658"
799,800,2017,Valerian and the City of a Thousand P…,"$215,098,356","$40,479,370","$174,618,986"
800,801,2008,Australia,"$215,080,810","$49,554,002","$165,526,808"
801,802,2011,Just Go With It,"$214,974,953","$103,028,109","$111,946,844"
802,803,2013,Hansel & Gretel: Witch Hunters,"$214,949,716","$55,703,475","$159,246,241"
803,804,2020,The Croods: A New Age,"$214,790,246","$58,568,815","$156,221,431"
804,805,2005,Flightplan,"$214,392,904","$89,706,988","$124,685,916"
805,806,2002,The Bourne Identity,"$214,357,371","$121,468,960","$92,888,411"
806,807,2018,Smallfoot,"$214,244,195","$83,240,103","$131,004,092"
807,808,2000,"Crouching Tiger, Hidden Dragon","$213,965,909","$128,519,045","$85,446,864"
808,809,2015,Xia Luo Te Fan Nao,"$213,949,747","$1,289,195","$212,660,552"
809,810,1987,Dirty Dancing,"$213,893,795","$63,892,689","$150,001,106"
810,811,2018,Creed II,"$213,591,522","$115,715,889","$97,875,633"
811,812,2000,Vertical Limit,"$213,500,000","$68,473,360","$145,026,640"
812,813,2011,Battle: Los Angeles,"$213,463,976","$83,552,429","$129,911,547"
813,814,2000,Miss Congeniality,"$213,420,951","$106,807,667","$106,613,284"
814,815,2011,The Help,"$213,120,004","$169,705,587","$43,414,417"
815,816,2004,Lemony Snicket's A Series of Unfortun…,"$212,956,024","$118,627,117","$94,328,907"
816,817,2003,Master and Commander: The Far Side of…,"$212,912,137","$93,926,386","$118,985,751"
817,818,1994,Pulp Fiction,"$212,891,760","$107,928,762","$104,962,998"
818,819,2009,District 9,"$212,453,431","$115,646,235","$96,807,196"
819,820,2011,Horrible Bosses,"$212,417,601","$117,538,559","$94,879,042"
820,821,2014,Into the Woods,"$212,416,317","$128,002,372","$84,413,945"
821,822,1995,Ace Ventura: When Nature Calls,"$212,400,000","$108,360,063","$104,039,937"
822,823,2009,Public Enemies,"$212,282,709","$97,104,620","$115,178,089"
823,824,1994,Disclosure,"$212,200,000","$83,015,089","$129,184,911"
824,825,1999,End of Days,"$212,026,975","$66,889,043","$145,137,932"
825,826,2012,Total Recall,"$211,856,088","$58,877,969","$152,978,119"
826,827,2010,Due Date,"$211,739,043","$100,539,043","$111,200,000"
827,828,1999,Entrapment,"$211,700,000","$87,707,396","$123,992,604"
828,829,2011,Immortals,"$211,562,435","$83,504,017","$128,058,418"
829,830,2021,Nou fo,"$211,227,284","$385,305","$210,841,979"
830,831,2021,Jungle Cruise,"$210,469,803","$116,987,516","$93,482,287"
831,832,2014,Fury,"$210,315,681","$85,817,906","$124,497,775"
832,833,1979,Moonraker,"$210,300,000","$70,300,000","$140,000,000"
833,834,2014,The Expendables 3,"$209,461,378","$39,322,544","$170,138,834"
834,835,2018,Hou Lai De Wo Men,"$209,221,328",,"$209,221,328"
835,836,1995,Braveheart,"$209,045,244","$75,545,647","$133,499,597"
836,837,1978,Jaws 2,"$208,900,376","$102,922,376","$105,978,000"
837,838,2004,The Aviator,"$208,370,892","$102,608,827","$105,762,065"
838,839,2000,Traffic,"$208,300,000","$124,107,476","$84,192,524"
839,840,2004,Garfield: The Movie,"$208,094,550","$75,367,693","$132,726,857"
840,841,2016,Me Before You,"$208,064,908","$56,245,075","$151,819,833"
841,842,2013,Xi you xiang mo pian,"$207,927,982","$18,058","$207,909,924"
842,843,2012,Safe House,"$207,884,401","$126,181,630","$81,702,771"
843,844,2001,The Others,"$207,765,056","$96,522,687","$111,242,369"
844,845,1994,Clear and Present Danger,"$207,500,000","$122,012,656","$85,487,344"
845,846,2016,Bridget Jonesâs Baby,"$207,298,383","$24,139,805","$183,158,578"
846,847,2003,S.W.A.T.,"$207,154,748","$116,877,597","$90,277,151"
847,848,1999,Sleepy Hollow,"$207,068,340","$101,068,340","$106,000,000"
848,849,2011,Paranormal Activity 3,"$207,039,844","$104,028,807","$103,011,037"
849,850,2015,Tomorrowland,"$206,627,518","$93,436,322","$113,191,196"
850,851,2010,Eat Pray Love,"$206,598,789","$80,574,010","$126,024,779"
851,852,2001,The Fast and the Furious,"$206,458,372","$144,512,310","$61,946,062"
852,853,2002,Red Dragon,"$206,455,420","$92,955,420","$113,500,000"
853,854,2006,The Break-Up,"$205,727,307","$118,703,275","$87,024,032"
854,855,2013,White House Down,"$205,440,387","$73,103,784","$132,336,603"
855,856,1991,JFK,"$205,400,000","$70,405,498","$134,994,502"
856,857,2012,Ren zai jiong tu zhi tai jiong,"$205,400,000",,"$205,400,000"
857,858,2009,The Ugly Truth,"$205,298,907","$88,915,214","$116,383,693"
858,859,2009,Gake no ue no Ponyo,"$205,162,666","$15,090,399","$190,072,267"
859,860,2006,The Holiday,"$204,920,447","$63,280,000","$141,640,447"
860,861,2010,Yogi Bear,"$204,774,690","$100,246,011","$104,528,679"
861,862,2022,Qi Ji Nian Dai (å¥è¿¹),"$204,449,108",,"$204,449,108"
862,863,2008,Valkyrie,"$203,932,174","$83,107,829","$120,824,345"
863,864,2022,DC League of Super Pets,"$203,891,589","$93,657,117","$110,234,472"
864,865,2004,King Arthur,"$203,653,524","$51,877,963","$151,775,561"
865,866,2021,Ghostbusters: Afterlife,"$203,614,138","$129,360,575","$74,253,563"
866,867,2020,Chai Dan Zhuan Jia Er,"$203,481,407",,"$203,481,407"
867,868,2017,A Dogâs Purpose,"$203,055,427","$64,321,890","$138,733,537"
868,869,2005,Fun With Dick And Jane,"$203,018,919","$110,550,000","$92,468,919"
869,870,2008,You Don't Mess With the Zohan,"$202,910,991","$100,018,837","$102,892,154"
870,871,2007,Hairspray,"$202,822,861","$118,871,849","$83,951,012"
871,872,2012,21 Jump Street,"$202,812,429","$138,447,667","$64,364,762"
872,873,2016,Arrival,"$202,754,970","$100,546,139","$102,208,831"
873,874,2001,Vanilla Sky,"$202,726,605","$100,614,858","$102,111,747"
874,875,2015,Straight Outta Compton,"$202,182,981","$161,197,785","$40,985,196"
875,876,1998,Patch Adams,"$202,173,000","$135,014,968","$67,158,032"
876,877,1990,Teenage Mutant Ninja Turtles,"$202,000,000","$135,265,915","$66,734,085"
877,878,1990,Kindergarten Cop,"$202,000,000","$91,457,688","$110,542,312"
878,879,1983,Flashdance,"$201,463,574","$90,463,574","$111,000,000"
879,880,1993,Philadelphia,"$201,324,422","$77,324,422","$124,000,000"
880,881,2020,Birds of Prey (And the Fantabulous Em…,"$201,005,552","$84,158,461","$116,847,091"
881,882,2013,Percy Jackson: Sea of Monsters,"$200,859,554","$68,559,554","$132,300,000"
882,883,2001,Cats & Dogs,"$200,700,000","$93,375,151","$107,324,849"
883,884,2019,The Addams Family,"$200,588,546","$97,864,733","$102,723,813"
884,885,1990,The Hunt for Red October,"$200,500,000","$120,709,866","$79,790,134"
885,886,2021,The Conjuring: The Devil Made Me Do It,"$200,266,441","$65,631,050","$134,635,391"
886,887,1979,Rocky 2,"$200,182,160","$85,182,160","$115,000,000"
887,888,2016,The BFG,"$199,646,680","$55,483,770","$144,162,910"
888,889,2019,Wu Sha,"$199,276,793",,"$199,276,793"
889,890,2002,Two Weeks Notice,"$199,043,309","$93,354,918","$105,688,391"
890,891,1998,City of Angels,"$198,750,909","$78,750,909","$120,000,000"
891,892,2018,Yi Chu Hao Xi,"$198,330,770","$670,883","$197,659,887"
892,893,2005,The Pacifier,"$198,006,880","$113,006,880","$85,000,000"
893,894,2018,Christopher Robin,"$197,744,377","$99,215,042","$98,529,335"
894,895,2001,Spy Kids,"$197,692,062","$112,692,062","$85,000,000"
895,896,2013,Jack the Giant Slayer,"$197,687,603","$65,187,603","$132,500,000"
896,897,2012,The Vow,"$197,618,160","$125,014,030","$72,604,130"
897,898,2005,Wallace & Gromit: The Curse of the We…,"$197,593,152","$56,068,547","$141,524,605"
898,899,2017,Smurfs: The Lost Village,"$197,578,586","$45,020,282","$152,558,304"
899,900,2015,The Intern,"$197,115,710","$75,764,672","$121,351,038"
900,901,2021,Chinese Doctors,"$196,863,514",,"$196,863,514"
901,902,1994,Stargate,"$196,565,669","$71,565,669","$125,000,000"
902,903,2010,Red,"$196,439,693","$90,380,162","$106,059,531"
903,904,2004,50 First Dates,"$196,320,329","$120,776,832","$75,543,497"
904,905,2002,Panic Room,"$196,308,367","$95,308,367","$101,000,000"
905,906,2021,Gekijouban Jujutsu Kaisen 0,"$196,290,952","$33,919,605","$162,371,347"
906,907,2017,The Shape of Water,"$195,790,794","$63,859,435","$131,931,359"
907,908,2003,Anger Management,"$195,484,552","$135,560,942","$59,923,610"
908,909,1981,For Your Eyes Only,"$195,300,000","$54,800,000","$140,500,000"
909,910,2016,London Has Fallen,"$195,194,085","$62,524,260","$132,669,825"
910,911,2014,The Other Woman,"$195,111,193","$83,911,193","$111,200,000"
911,912,2007,Beowulf,"$195,080,579","$82,280,579","$112,800,000"
912,913,2023,Dungeons & Dragons: Honor Among Thieves,"$194,930,509","$88,955,662","$105,974,847"
913,914,2019,Downton Abbey,"$194,694,725","$96,853,865","$97,840,860"
914,915,2009,Paranormal Activity,"$194,183,034","$107,918,810","$86,264,224"
915,916,2014,Need for Speed,"$194,169,619","$43,568,507","$150,601,112"
916,917,2016,Xi You Ji zhi Sun Wu Kong San Da Bai …,"$194,058,503","$709,982","$193,348,521"
917,918,2011,Gnomeo and Juliet,"$193,737,977","$99,967,670","$93,770,307"
918,919,2002,The Sum of All Fears,"$193,500,000","$118,471,320","$75,028,680"
919,920,2014,The Equalizer,"$192,903,624","$101,530,738","$91,372,886"
920,921,2017,Paddington 2,"$192,744,317","$40,891,591","$151,852,726"
921,922,2019,Yip Man 4,"$192,617,891","$3,956,031","$188,661,860"
922,923,2019,Rocketman,"$192,133,784","$96,368,160","$95,765,624"
923,924,2006,Open Season,"$191,932,158","$85,105,259","$106,826,899"
924,925,2005,The Longest Yard,"$191,558,505","$158,119,460","$33,439,045"
925,926,1991,The Addams Family,"$191,502,243","$113,502,246","$77,999,997"
926,927,2000,Hollow Man,"$191,200,000","$73,209,340","$117,990,660"
927,928,1987,The Living Daylights,"$191,199,996","$51,185,000","$140,014,996"
928,929,2008,Tropic Thunder,"$191,145,256","$110,515,313","$80,629,943"
929,930,1994,The Santa Clause,"$190,506,000","$145,539,357","$44,966,643"
930,931,1981,Superman II,"$190,400,000","$108,185,706","$82,214,294"
931,932,2018,The Equalizer 2,"$190,376,181","$102,084,362","$88,291,819"
932,933,2003,Cheaper by the Dozen,"$190,212,113","$138,614,544","$51,597,569"
933,934,1998,The Waterboy,"$190,191,646","$161,491,646","$28,700,000"
934,935,2019,The LEGO Movie 2: The Second Part,"$190,131,035","$105,806,508","$84,324,527"
935,936,1995,Outbreak,"$190,023,573","$67,823,573","$122,200,000"
936,937,2019,Tenki no Ko,"$189,952,624","$8,056,636","$181,895,988"
937,938,2011,Mr. Poppers's Penguins,"$189,624,452","$68,224,452","$121,400,000"
938,939,1998,The X Files: Fight the Future,"$189,176,423","$83,898,313","$105,278,110"
939,940,2014,Xin Hua Lu Fang,"$188,744,961","$774,961","$187,970,000"
940,941,1988,Rambo III,"$188,715,611","$53,715,611","$135,000,000"
941,942,2019,Abominable,"$188,668,688","$60,761,390","$127,907,298"
942,943,2011,Hop,"$188,494,082","$108,085,305","$80,408,777"
943,944,1993,The Pelican Brief,"$187,995,859","$100,768,056","$87,227,803"
944,945,2013,The Secret Life of Walter Mitty,"$187,861,183","$58,236,838","$129,624,345"
945,946,2005,Walk the Line,"$187,707,495","$119,519,402","$68,188,093"
946,947,1983,Octopussy,"$187,500,000","$67,900,000","$119,600,000"
947,948,1995,Heat,"$187,433,328","$67,436,818","$119,996,510"
948,949,2009,The Final Destination,"$187,384,627","$66,477,700","$120,906,927"
949,950,1993,In the Line of Fire,"$187,343,874","$102,243,874","$85,100,000"
950,951,2004,The Grudge,"$187,281,115","$110,359,362","$76,921,753"
951,952,2009,Watchmen,"$186,976,250","$107,509,799","$79,466,451"
952,953,1998,The Horse Whisperer,"$186,883,563","$75,383,563","$111,500,000"
953,954,2009,Knowing,"$186,450,317","$79,957,634","$106,492,683"
954,955,2001,Atlantis: The Lost Empire,"$186,049,020","$84,052,762","$101,996,258"
955,956,2018,Wu Shuang,"$186,027,770",,"$186,027,770"
956,957,2009,Paul Blart: Mall Cop,"$185,904,750","$146,336,178","$39,568,572"
957,958,2006,Inside Man,"$185,798,265","$88,634,237","$97,164,028"
958,959,2017,Pitch Perfect 3,"$185,736,412","$104,897,530","$80,838,882"
959,960,2007,I Now Pronounce You Chuck and Larry,"$185,708,462","$119,725,280","$65,983,182"
960,961,2019,The White Storm 2: Drug Lords,"$185,427,900",,"$185,427,900"
961,962,1977,The Spy Who Loved Me,"$185,400,000","$46,800,000","$138,600,000"
962,963,1937,Snow White and the Seven Dwarfs,"$184,925,486","$184,925,486",
963,964,1979,Alien,"$184,638,105","$62,005,728","$122,632,377"
964,965,2017,The Hitmanâs Bodyguard,"$183,415,183","$75,468,583","$107,946,600"
965,966,2002,Road to Perdition,"$183,354,514","$104,054,514","$79,300,000"
966,967,2016,Storks,"$183,353,431","$72,679,278","$110,674,153"
967,968,1986,Aliens,"$183,291,893","$85,160,248","$98,131,645"
968,969,2002,Gangs of New York,"$183,124,621","$77,730,500","$105,394,121"
969,970,1992,Wayne's World,"$183,097,323","$121,697,323","$61,400,000"
970,971,1994,Maverick,"$183,015,237","$101,631,272","$81,383,965"
971,972,2022,The Lost City,"$182,921,990","$105,344,029","$77,577,961"
972,973,2003,Daredevil,"$182,782,518","$102,543,518","$80,239,000"
973,974,2016,Du cheng feng yun III,"$182,579,909",,"$182,579,909"
974,975,2002,Sweet Home Alabama,"$182,365,114","$127,214,072","$55,151,042"
975,976,1991,Cape Fear,"$182,291,969","$79,091,969","$103,200,000"
976,977,1995,While You Were Sleeping,"$182,057,016","$81,057,016","$101,000,000"
977,978,2015,Jupiter Ascending,"$181,982,519","$47,482,519","$134,500,000"
978,979,1996,The Birdcage,"$181,760,553","$124,060,553","$57,700,000"
979,980,2006,Poseidon,"$181,674,817","$60,674,817","$121,000,000"
980,981,1996,The First Wives Club,"$181,489,203","$105,489,203","$76,000,000"
981,982,2009,He's Just Not That Into You,"$181,053,657","$93,953,653","$87,100,004"
982,983,2006,DÃ©jÃ  Vu,"$181,038,616","$64,038,616","$117,000,000"
983,984,2004,Scooby-Doo 2: Monsters Unleashed,"$180,856,996","$84,185,387","$96,671,609"
984,985,2013,12 Years a Slave,"$180,765,061","$56,671,993","$124,093,068"
985,986,2008,Eagle Eye,"$180,585,259","$101,440,743","$79,144,516"
986,987,2016,Bad Moms,"$180,485,601","$113,257,297","$67,228,304"
987,988,1999,The Haunting,"$180,188,905","$91,188,905","$89,000,000"
988,989,2012,The Dictator,"$180,148,897","$59,650,222","$120,498,675"
989,990,2011,Hugo,"$180,047,784","$73,864,507","$106,183,277"
990,991,2017,The Post,"$179,769,457","$81,903,458","$97,865,999"
991,992,2006,Flushed Away,"$179,357,126","$64,665,672","$114,691,454"
992,993,2003,The League of Extraordinary Gentlemen,"$179,265,204","$66,465,204","$112,800,000"
993,994,2001,Moulin Rouge,"$179,199,536","$57,386,369","$121,813,167"
994,995,1995,Dangerous Minds,"$178,919,401","$84,919,401","$94,000,000"
995,996,2006,Scary Movie 4,"$178,710,620","$90,710,620","$88,000,000"
996,997,2003,How to Lose a Guy in 10 Days,"$178,503,788","$105,807,520","$72,696,268"
997,998,1997,Danteâs Peak,"$178,200,000","$67,163,857","$111,036,143"
998,999,1992,Patriot Games,"$178,100,000","$83,287,363","$94,812,637"
999,"1,000",1997,Flubber,"$177,993,801","$92,993,801","$85,000,000"
